Name,Department,Rating,Would Take Again,Level of Difficulty
Laree Huntsman,Psychology,4.1,64%,2.6
Helen Brubeck,Accounting & Finance,4.6,92%,2.6
Lee Pate,Physical Ed,4.9,100%,1.6
Alissa Shaw,Health Science,2.7,36%,3.9
Greg Feist,Psychology,4.0,81%,2.7
,,,N/A,N/A
Sandra Trafalis,Psychology,3.7,67%,2.4
Cynthia Rostankowski,Humanities,3.4,39%,3.6
Simone Lundquist,Psychology,4.7,91%,2.7
Felicia Noonis,Health Science,3.0,34%,3.9
Roohi Vora,English,4.7,87%,2.3
Vicki Steiner,Library & Information Science,4.8,96%,2.5
Todd Perreira,Humanities,3.9,63%,3.1
Robert Rinck,Health Science,3.3,36%,2.9
Jennifer Gregg,Psychology,4.3,78%,2.8
Mary Bolin,Library Science,4.2,90%,2
Johanna Tunon,Library & Information Science,4.4,92%,2.7
Roxanne Cnudde,Communication Studies,4.4,100%,2.4
Dave Gustlin,Art & Design,3.4,20%,3.5
Christina Tzeng,Psychology,4.5,88%,2.5
Areum Jensen,Kinesiology,1.4,5%,4.5
Amy Nguyen,Psychology,5.0,100%,1.5
Emanuela Sintamarian Dascalescu,Art & Design,3.7,84%,2.6
Erik Johnson,Humanities,4.6,95%,2.9
Lei Zhang,Library Information Science,2.8,45%,3.8
Mary Hall,Kinesiology,2.7,43%,3.6
Dana Ragouzeos,Design,3.0,50%,4.2
Uryu Michiko,Japanese,5.0,100%,2.3
Charles Greenberg,Library & Information Science,3.0,100%,2
Ann Kalinowski,Business,2.6,34%,3.8
Albert Schendan,Political Science,3.2,37%,3.5
Khosrow Ghadiri,Electrical Engineering,2.2,16%,4
Naomi Wagner,Psychology,3.1,74%,2.6
Therese Louie,Business,3.6,54%,3
Adrienne Eastwood,English,3.7,33%,3.2
Eric Narveson,History,4.9,100%,1.3
Morris Jones,Electrical Engineering,3.7,39%,2.7
Martina Bremer,Mathematics,2.5,19%,4.3
Ossie Rashel,Technology,3.8,65%,2.9
Diane Kovacs,Library Information Science,3.2,55%,2.5
Rachel Turner,English & Comparative Lit.,2.3,20%,4
Cindy Runnels,Library Information Science,4.9,100%,2.1
Kimberli Buckley,Library & Information Science,4.9,100%,1.4
Valerie Lo,American Studies,3.3,67%,3
Andrew Blanton,Art Design,2.8,50%,1.8
Padmavati Tanniru,Mathematics,2.2,13%,4.1
Mark Dowdy,English & Comparative Lit.,4.6,90%,1.9
Ninh D Nguyen,Economics,4.6,80%,2.3
Anuradha Basu,Business,3.3,52%,3.1
Joseph Navarro,English Comparative Lit.,3.6,55%,3.6
Joel Busch,Accounting & Finance,3.3,50%,4.1
Karen Moreno,Kinesiology,2.9,38%,3.3
David Loertscher,Library Science,2.9,65%,3
ernesto martinez,Chicano Studies,4.3,81%,2.1
Lindsay Walsh,Communication,4.9,93%,1.9
Monica Gavino,Business,2.8,39%,3.5
Amin Ghafooripour,Civil Engineering,4.8,93%,2.3
Gopinath Vinodh,Computer Engineering,3.7,70%,2.7
Morgan Sanchez,Sociology,4.5,91%,2.9
Harlan McGhan,Philosophy,3.0,34%,3.5
Jon Richey,Geology,1.2,0%,2.8
William Hong,Mathematics,4.5,100%,2
Jonathan Hunt,Library Science,5.0,100%,3.3
Catherine Fung,Sociology,3.0,50%,2
Karen Castaneda,Geology,3.0,100%,1
Anthony Bernier,Library Science,1.9,26%,4.1
Ignacio Mosqueira,Astronomy,3.3,46%,2.6
Michael Klein,Business,3.3,60%,3.5
Amita Shah,Child Development,4.6,97%,2.7
David McReynolds,Philosophy,4.6,90%,1.8
Chris Donlay,Linguistics Language Dev.,2.9,43%,3.4
Carmen Saleh,African-American Studies,3.6,57%,2.4
Wasin So,Mathematics,2.6,32%,4.2
Martha Behler,Kinesiology,4.7,87%,1.3
Niall McCarthy,Library & Information Science,5.0,100%,4
David Taylor,Computer Science,2.6,30%,4.6
Tijana Rajkovic,Accounting & Finance,3.1,56%,3.5
Minh Vu,Mathematics,3.5,64%,3.9
Everett Smith,Special Education,5.0,100%,1.9
Victor Rodriguez,History,3.4,50%,3.2
Seung Chang,Kinesiology,3.6,69%,2.6
Jennifer Schauer,Humanities,2.0,31%,3.7
Nathan Birtwhistle,Physics,3.2,0%,1.4
Ethel Tshukudu,Computer Science,4.4,100%,2.3
Kanak Somani,Anthropology,5.0,80%,2.6
Seung Ho Chang,Child Development,2.3,25%,3.8
Fabio Di Troia,Computer Science,4.2,84%,3.2
Hamed Mouseghy,Biology,4.2,80%,2.4
Karen Singmaster,Chemistry,4.2,37%,3.3
Sarah McGaffey,Communication,4.3,77%,2.2
Kathie Kratochvil,Theater,4.6,100%,1.7
aaa aaa,Computer Science,2.7,50%,4.3
Bradley Buerer,Geology,4.3,85%,2.5
Sian Sloan,English amp Comparative Lit.,4.3,74%,2.4
Loubna Hafid,French,4.6,100%,2.3
Linda Higgins,Nursing,3.0,40%,4
Jamie Smith,Child Development,3.3,34%,3.3
Steven MacRamalla,Psychology,2.7,49%,3.3
Abera Jiru,Mathematics,2.7,47%,3.2
Karen Knoblaugh,Nutrition & Foods,2.7,28%,3.8
Nathan Osborne,Philosophy,4.6,89%,2.8
Yan Chen,Computer Science,3.2,59%,3.1
Tahereh Arabghalizi,Computer Science,1.7,18%,4.2
Annie Chase,Physics,2.3,34%,2.8
Alla Petrosyan,Engineering,3.4,50%,1.8
Billy Campsey,Accounting,3.5,68%,3.8
Rolanda Pollard,Business,3.3,20%,3
Robert Ovetz,Political Science,2.7,36%,3.6
Emily Bruce,Social Work,4.0,47%,3.1
Marco Meniketti,Anthropology,3.6,79%,2.5
Jordan Schettler,Mathematics,4.6,94%,2.4
Lark Alder,Art,5.0,100%,1.4
Tina Korani,Journalism,4.3,92%,2.6
Manel Palos Pons,Journalism,4.7,100%,2
Kim Knight,Humanities,4.9,86%,2.4
Juan Pena,Psychology,5.0,100%,1.4
Cheryl Chancellor Freeland,Psychology,3.6,57%,4
Sulekha Anand,Biology,3.8,61%,3.6
Nadia Sorkhabi,Child Development,3.0,20%,2.7
Gisele Bousquet,Anthropology,2.2,32%,3.2
Gwendolyn Mok,Music,2.5,10%,3.9
Marilyn Blockus,Mathematics,3.1,12%,3.6
Kathleen McConnell,Communication Studies,2.6,25%,3.3
Vishnu Pendyala,Computer Engineering,4.3,81%,3.9
Triyakshana Seshadri,Economics,2.3,31%,4.2
Olenka Hubickyj,Astronomy,3.6,42%,3
Jessica Fraser,Child Development,4.7,92%,2.6
Anh Nguyen,Mathematics,4.2,86%,1.7
Ahmad Shaar,Business,4.6,88%,2.1
Vimal Viswanathan,Mechanical Engineering,4.9,100%,2.7
Chang Kim,Art & Design,3.8,67%,3.4
Timothy Smith,Mathematics,3.7,25%,2.4
Michel Pharand,Mechanical Engineering,2.0,34%,4.7
Stoyu Ivanov,Accounting & Finance,2.8,32%,3.7
Joseph Hasty,Geography,3.7,59%,2.4
Nancy Da Silva,Social Science,4.4,75%,2.5
Nancy Stork,English,3.5,66%,3.7
Fangjun Xiao,Accounting,3.6,63%,4
Usha Andra,Business,4.7,100%,2.1
Yanika Schneider,Chemical Engineering,2.3,25%,4.2
Lin Zou,Engineering,3.2,72%,3.4
Mahboubeh Madadi,Business,2.6,35%,4
Shaonan Tian,Business,3.6,66%,2.9
Sean Gaffney,Library & Information Science,4.2,80%,2.1
Huy Nguyen,Business,4.3,79%,2.7
Alison Johnson,Library & Information Science,4.9,97%,2.7
Duane Cheers,Mass Communications,1.7,10%,3.8
Michelle Tran,African-American Studies,4.8,94%,1.5
Alev Tug,Kinesiology,1.7,15%,4.1
Kevin Bontenbal,Library Information Science,4.2,88%,1.8
Taehee Jeong,Engineering,1.5,13%,4.1
Edric Dabu,Mathematics,5.0,100%,1
Medha Bodas,Mathematics,2.9,33%,3.8
Jahan Ghofraniha,Computer Engineering,2.3,30%,3.2
Ranko Heindl,Physics,3.7,67%,3.3
Mark Greenough,Business,1.6,19%,4.4
Julia Swan,Linguistics & Language Dev.,4.0,78%,3.2
Jessica Westfall,Biology,4.2,80%,2.4
Alexander Payumo,Biology,2.8,25%,4.5
Vincent Russo,Music,4.3,67%,3
Richard Low,Mathematics,3.0,53%,3.8
Carl Bugarin,Mathematics,3.9,69%,3.5
Karin Brown,Philosophy,4.6,79%,1.8
Tim Hsu,Mathematics,3.3,20%,3.5
Kourosh Youssefi,Mechanical Engineering,4.2,75%,2.4
Kezban Sokat,Marketing,2.9,49%,3.9
Kyle Johnson,Communication,2.5,27%,3.5
Jack Warecki,Engineering,4.9,98%,2
Arjun Buxi,Communication Studies,4.4,87%,1.9
Thomas Altura,Business,4.5,100%,2.2
Mohammed Yahdi,Mathematics,4.2,84%,2.9
Kristian O'Hare,English & Comparative Lit.,4.7,95%,1.9
Stephen Artim,Business,1.8,18%,4.3
Leigh Via,Communication,4.7,89%,1.7
Michele Bertolone,Humanities,4.7,100%,1.7
David Ma,Music,4.7,84%,1.5
Jose De Jesus Garcia Buenrostro,Spanish,4.0,75%,2.5
Anne Cheilek,Writing,4.0,75%,1.5
Robert Cirivilleri,History,3.4,28%,3.4
Ahmad Yazdankhah,Computer Science,3.6,70%,3.2
Sabrina Pinnell,Political Science,3.1,26%,3.4
Susan McKenna,Nursing,3.0,30%,3.2
Feruza Amirkulova,Mechanical Engineering,2.2,40%,4
Kristen Cole,Communication Studies,3.8,50%,4.1
Rafael Kaliski,Computer Engineering,1.6,20%,3.6
Ricardo Ballin,Nursing,5.0,100%,1.7
Daniel Murphy,Kinesiology,4.5,81%,2.9
Megan Thiele,Sociology,4.6,91%,2.5
Isabella Garcia,Health Science,2.0,32%,3.4
Susie Rivera,Justice Studies,4.0,68%,2.8
Kenneth Youngman,Biology,2.6,38%,3.4
Sogol Jahanbekam,Mathematics,4.7,98%,2.8
Virginia Montelongo,Judaic Studies,1.4,15%,3.7
Elaheh Sigari,Physics,3.6,67%,3.4
Anya Iyengar,Communication Studies,4.9,99%,1.6
Danielle Lazerson,Accounting,2.5,42%,4.3
Jorge Gonzalez,Social Work,2.7,34%,3.6
Harit Agroia,Health Science,3.6,67%,4.3
Julia Curry-Rodriquez,International Studies,2.4,32%,3.4
Kendall Ward,Communication Studies,3.5,56%,2.3
Deepa Singamsetti,Nutrition & Foods,4.6,85%,1.8
Heather Duplaisir,Recreation,3.9,70%,2.9
Wayne Jopanda,Asian American Studies,5.0,100%,1.1
Melody Esfandiari,Chemistry,4.6,94%,2.9
Bahram Parineh,Business,4.8,93%,2.4
Rosemary Hardin,Biology,3.1,52%,4.2
Kaye Sanders,Linguistics,4.7,97%,1.8
Abbas Moallem,Industrial Engineering,1.9,22%,3.7
Kim Yee,Communication Studies,2.8,47%,3.9
Abraham Wolcott,Chemistry,3.0,75%,3.9
Chiao Su,Environmental Studies,2.6,28%,3.7
Jae Chung,Biology,4.3,67%,3.3
Ron Roman,Business,3.4,50%,2.9
Kimb Massey,"Radio, TV & Film",4.1,92%,1.9
Matthew Leigh,Geology,2.7,40%,3.7
Sarah Kate Anderson,Theater,3.9,57%,2.6
Mary Salzman,Art History,1.9,14%,3.3
Deborah Clarke,Economics,3.3,52%,3.2
Romey Sabalius,German,4.6,100%,3.8
Quang Duy Tran,Computer Science,2.3,34%,4
Mira Jane,Computer Science,1.1,0%,4.8
Allie Butzlaff,Nursing,3.0,50%,3.9
Glenn Friedman,Engineering,4.5,84%,1.5
Quang Tran,Computer Science,4.2,80%,2.4
Sherri Harvey,English,3.3,67%,3.3
David Schuster,Mathematics,3.7,55%,2.8
Gregory Tomlinson,History,3.8,70%,2.3
Janet M Giddings,Philosophy,3.8,58%,2.4
Molly Hankwitz,Art History,2.0,25%,3.9
Albert Wong,Civil Engineering,2.5,42%,4
Nicholas Bathurst,Psychology,4.7,89%,2
Nargis Adham,Physics,3.6,69%,2.6
Ryan Smith,English & Comparative Lit.,4.9,100%,1.9
Raymond Noriega,Philosophy,3.9,73%,2.7
Eric Kwong,Justice Studies,2.6,23%,3.1
Tiffani Marie,Education,3.0,50%,2.5
Laura Guardino,History,3.2,45%,2.3
Kaoru Hollin,Japanese,4.9,100%,2.6
Tracy DeHaan,Sociology,4.2,75%,3.4
Leila Beverleigh,Art & Design,2.7,38%,4.6
Karim Suleman,Technology,5.0,100%,1.8
Suzanne Haley,Accounting,4.0,70%,3.8
Trung Nguyen,Ethnic Studies,5.0,100%,2.4
Robert Werkman,Technology,5.0,100%,3
TuAnh Nguyen,Mathematics,4.1,72%,2.7
Alaka Rao,Business,3.3,50%,2.7
James Morgan,Art & Design,3.9,89%,2.6
David Brook,Chemistry,4.4,100%,2.7
Bonnie Hsia,Engineering,1.9,17%,4
Vlad Ionescu,Engineering,4.6,90%,3.1
David Yan,Technology,2.7,46%,3.1
Michael Cheers,Journalism,2.2,8%,3.6
Nada Attar,Computer Science,2.3,33%,3.5
Farzan Kazemifar,Engineering,3.2,53%,4
Virginia Montelango,Justice Studies,2.1,31%,3.4
James Brent,Political Science,3.2,25%,3.8
Wynn Ray,Chemistry,4.5,100%,2.2
Jordan Liz,Philosophy,4.9,100%,2.3
Teresa O'Donnell Johnson,Child Development,4.1,82%,2.7
Joe Neto,"Radio, TV & Film",5.0,100%,1
Wesley Maciejewski,Mathematics,2.9,47%,3.7
Gautam Krishna,Computer Engineering,1.0,0%,4.5
Mark Barash,Justice Studies,4.6,88%,3
Kathrine Richardson,Geography,4.4,100%,2
Gary Pereira,Geology,4.7,95%,2
Joseph Bergee,Political Science,4.9,100%,1.8
Mary Poffenroth,Biology,3.9,73%,2.7
Juan Gomez,Computer Engineering,3.0,53%,4.1
Todd Robinson,Accounting,3.7,57%,3.7
Gabriela Sapp,Business,1.6,12%,4.7
Gita Mathur,Business,4.2,88%,2.2
Henry Bartholomew,Meteorology,4.3,81%,2.1
Jill Logan,English Comparative Lit.,5.0,100%,1.7
Jie Gao,Hospitality,4.6,89%,1.7
Jordan Walters,Accounting & Finance,5.0,100%,3
Narayan Balasubramanian,Computer Science,3.3,34%,3
Matthew Moore,American Studies,3.8,75%,2.6
Andro Rios,Chemistry,4.6,85%,3.2
Telvin Zhong,Computer Science,5.0,100%,3
Lisa Morgan,Health Science,3.0,50%,2.5
Suneuy Kim,Computer Science,3.7,63%,3.6
Mark Brady,Economics,3.4,54%,3
Zairac Smith,Physics,4.2,80%,1.8
Andrea Whitson,Nutrition & Foods,3.2,52%,2.9
Marilyn Easter,Business,2.0,5%,4
Linda Mitchell,English,3.9,60%,3.8
Toni Bloom,Health Science,3.2,38%,3.2
Patricia Daley-Harms,Communication,4.2,82%,2.4
Nora Balabanian,Biology,3.8,74%,2.1
Isarin Durongkadej,Accounting & Finance,4.7,82%,3.7
Peter Gao,Mathematics,3.3,72%,3.7
Marion Campisi,Mathematics,3.8,68%,2.7
Raha Shojaei,"Radio, TV & Film",1.9,15%,3.8
Raina Levesque,English & Comparative Lit.,4.9,100%,1.5
Desiree Ryan,Psychology,4.9,89%,1.6
Miranda Schmidt,Nursing,1.2,0%,4.7
Titus Amza,Physics,5.0,100%,2
David Malinowski,Linguistics amp Language Dev.,4.8,75%,2
Debra Law,Nursing,3.0,34%,3.7
Gurmeet Naroola,Business,4.7,92%,2.4
Sarah Prasad,English & Comparative Lit.,3.6,54%,2.7
Victoria Lington,Music,3.2,40%,3.5
Anqi Shao,Mathematics,3.7,82%,2
Alexander Elabed,Communication,3.4,63%,2.6
Yunjian Qiu,Mechanical Engineering,5.0,100%,2.3
Raymond Kwok,Electrical Engineering,3.2,40%,3.6
Mohammad Saleem,Mathematics,3.6,47%,3.1
Arman Medina,Kinesiology,3.5,70%,2.4
Yan Zhang,Mathematics,4.1,71%,4
Yinghua Michelle Huang,Hospitality,3.9,84%,1.9
Dave Ma,Music,5.0,100%,1.5
Joni Bodart,Library Science,1.5,5%,3.8
Sabine Mooney,Nutrition & Foods,3.0,67%,2.7
Kara Davis,Dance,2.9,34%,2.8
Lucas Hatton,Communication Studies,4.3,86%,2.1
Gregory Courand,Engineering,4.0,84%,2.5
Wahida Akter,Biology,2.3,50%,2.8
Howard Tokunaga,Psychology,4.3,82%,2.4
Jayanthi Gowrikanthan,Biology,2.4,0%,4.2
Andrew Delunas,Philosophy,4.7,93%,1.5
Julie Sliva Spitzer,Mathematics,2.4,18%,3.5
Ayca Erdogan,Industrial Engineering,4.2,71%,3.6
Rosanna Alvarez,Communication,4.4,84%,2.6
Brad Buerer,Geology,4.2,100%,2.5
Olga Kovaleva,Mathematics,3.0,38%,3.5
Ninos Malek,Economics,4.6,90%,2.5
Monique Duphily,Recreation,2.7,28%,3.4
Richard Craig,Journalism,4.4,69%,2.5
Eugene Cordero,Meteorology,4.0,100%,2.4
Reiko Kataoka,Linguistics & Language Dev.,4.4,88%,2.4
Faith Kirk,English Comparative Lit.,4.9,100%,1.8
Yasser Shahin,Fine Arts,3.3,67%,2.2
Paul Cascella,Communication Disorders,5.0,100%,2.5
Kevin Nguyen,Mathematics,5.0,100%,1.5
Robert Marx,Child Development,4.3,67%,2.7
Rich Burkhard,Business,4.1,57%,2.1
Kenneth Gehrt,Marketing,2.5,33%,3.3
J. Todd Ormsbee,Humanities,3.4,50%,4
Asbjorn Osland,Business,3.8,81%,2.5
Juan Gamboa,Ethnic Studies,4.8,100%,2.5
Shreeyukta Singh,Chemistry,1.6,15%,3.7
Sara Cook,English,3.6,75%,3.8
Daniel Hendel De La O,English,3.5,50%,2.4
Priya Raman,Communication,4.2,100%,3.2
Allison Gregory,English & Comparative Lit.,5.0,100%,1.6
Colleen Haight,Economics,4.0,72%,3
Artem Meshcheryakov,Accounting Finance,3.0,54%,3.8
Carlos Singh,Business,3.2,43%,2.7
Jang Cho,Business,3.5,83%,3.1
Thomas Shirley,Business,3.9,67%,2.9
Elizabeth Garcia,Business,3.5,59%,2.8
Lance Fung,Art & Design,4.5,85%,3
Jonathan Roth,History,4.0,67%,3.2
Esperanza Huerta,Accounting,3.4,72%,3.1
Jacquelyn Brady,Psychology,4.2,84%,3
Caroline Chen,Accounting,4.2,81%,3.9
Chung-Wen Tsao,Computer Science,2.1,29%,3.5
Josine Smits,Art History,2.8,36%,4
Navrati Saxena,Computer Science,4.1,82%,3.1
Yasin Ceran,Business,2.8,44%,3
Saugher Nojan,Asian American Studies,4.3,84%,2.1
Jason Laker,Counselor Education,2.2,0%,3.1
Vakini Santhanakrishnan,Astronomy,4.2,73%,2.8
Charles Yao,Mechanical Engineering,1.0,0%,5
Eveline Bellegarda,Electrical Engineering,3.8,71%,3.7
Andrew Bond,Computer Engineering,2.9,45%,2.8
John Wilhelmsson,Philosophy,4.6,94%,1.7
Ravi Agarwal,Marketing,5.0,100%,2
Mayra Cerda,Anthropology,4.2,80%,2.7
Ron Pasek,Accounting & Finance,3.6,63%,4.5
Gabriel Negrete,Social Work,4.3,75%,2
Elizabeth Sonnier,Philosophy,3.4,68%,1.9
Seshadri Paravastu,Business,3.7,60%,2.8
Audrey Chan,Mathematics,4.2,80%,3.4
Gregory Woods,Justice Studies,3.0,49%,3.2
Genya Ishigaki,Computer Science,4.1,78%,3.1
Erin Woodhead,Psychology,4.2,60%,2.8
Ruth Barefoot,Library Information Science,2.9,54%,1.9
Prateek Jain,Computer Science,1.9,23%,3.8
Kathleen Normington,Theater,3.9,71%,2.4
Yeonji No,Business,2.9,47%,3.5
Kyle Yrigoyen,Philosophy,4.1,59%,2.6
Kala Padmanabhan,Chemistry,2.3,30%,3.4
Cleber Ouverney,Biology,4.1,40%,2.6
Dominic Abucejo,Computer Science,4.1,82%,2.3
Sonia Cuellar-Ortiz,Biology,3.2,50%,3.3
Phuong Phan,Mathematics,3.6,54%,3.3
Jane Huynh,Engineering,2.7,43%,3.4
Roxana Marachi,Education,5.0,100%,2.6
Tony Papanikolas,English & Comparative Lit.,5.0,100%,1.5
Jennifer Bechkoff,Business,3.6,54%,3
Malu Roldan,Business,3.1,56%,2.9
Mostafa Jalal,English amp Comparative Lit.,4.9,98%,1.7
Alicia Hedges,Anthropology,4.8,92%,2.2
Kyle Hertsch,Philosophy,5.0,100%,1.1
Bianca Hinojosa,Psychology,4.8,100%,1.8
Ali Mehran,Engineering,3.5,75%,3.5
Jesus Aguilar,Photography,5.0,100%,2
Yoshimitsu Shimazu,Japanese,3.9,74%,2.7
Avantika Rohatgi,English & Comparative Lit.,2.9,26%,3
Susanna Gallardo,Women's Studies,3.6,54%,2.8
Krupa Patel,Philosophy,4.2,83%,2.4
Joanne Rondilla,Asian American Studies,3.5,57%,3.1
Trisha Bergthold,Mathematics,4.0,100%,2.7
Singmay Chou,Business,4.0,74%,2.7
Jason Hernandez,Aviation,4.7,95%,2.7
Nick Martinez,"Radio, TV & Film",3.7,88%,2.5
Jooyeon Ha,Business,3.7,67%,2.7
Cheyla Samuelson,Spanish,5.0,100%,1.5
Bo Mou,Philosophy,3.4,76%,2.7
Iman Roohnavaz,Philosophy,3.4,55%,3.4
Dennis Romano,Aviation,3.9,78%,4.1
Alejandra Campos,Spanish,2.3,15%,3.9
Trevor Katzakian,Aviation,5.0,100%,1.5
Joe Hinz,Communication Disorders,5.0,100%,3
Scott Alkire,English,4.3,73%,2.1
Dawit Demissie,Library & Information Science,5.0,100%,3.3
Maite Urcaregui,Writing,3.7,72%,3.6
Laura Sanchez,Chemistry,4.3,82%,3.1
JonLuc Christensen,Library & Information Science,4.2,67%,3.7
Atom Murata,Accounting & Finance,2.8,40%,3.6
Varadharajan Ramachandran,Business,5.0,100%,2.8
Karen Harvey,Nutrition & Foods,3.9,69%,2.5
Shama Ball,Linguistics & Language Dev.,5.0,100%,2.2
Kevin Lynch,Justice Studies,3.3,58%,2.4
Armin Moghadam,Technology,4.1,80%,3.2
Qi Wang,Chinese,5.0,100%,2
Vijay Eranti,Computer Science,1.0,0%,4
Joseph Dworak,Business,4.4,85%,2.9
Soo Ho Choi,Asian American Studies,3.6,73%,2.3
Christopher Dizon,Writing,5.0,100%,1.3
Neha Khapare,Health Science,2.8,50%,3.3
Francesca Cipponeri,Education,5.0,100%,1.2
Jesslyn Chong,Psychology,3.0,67%,3.3
Scott Jensen,Business,2.7,24%,3.8
Daniel De La O,English,4.4,88%,2.2
Kaushik Patra,Computer Science,2.4,29%,4.3
Emmanuel Sequeira,Accounting & Finance,4.2,81%,3.6
Carlos Garcia,Sociology,4.0,84%,3.5
Udeme Ndon,Civil Engineering,3.1,34%,2.7
Faranak Abri,Computer Science,3.9,79%,2.8
Emi Ishida,Materials Engineering,5.0,100%,2.8
Philip Dirlam,Chemistry,5.0,100%,3.3
Kerri Malloy,Sociology,4.4,80%,2.6
Vee Lawson,English & Comparative Lit.,5.0,100%,3
Sahika Vatan,Industrial Engineering,5.0,100%,4
Ramamurti Sridar,Business,3.7,74%,1.8
Ghislaine Lang,Economics,2.6,22%,3.5
Donna Crane,Political Science,4.5,83%,2.3
Kristen Radsliff Rebmann,Library Science,3.4,72%,3.1
Emmanuel Gabet,Geology,2.8,35%,3.3
Giang Le,Mathematics,3.0,45%,3
Robert Benzio,Aerospace Studies,2.7,48%,2.1
Stephanie Spencer,Nutrition & Foods,4.1,100%,2.7
Barani Win,Kinesiology,4.2,84%,1.8
Jonathan Gomez,Chicano Studies,5.0,100%,3
Mohamad Zoabi,Biology,3.5,50%,3
Sravani Vadlamani,Civil Engineering,4.3,100%,2.5
Sisi Dong,Psychology,4.7,100%,2.3
Devam Sheth,Mathematics,2.0,0%,3
Cyrus Zomorrodi,Biology,5.0,100%,2
Steven Vukazich,Civil Engineering,4.3,75%,2.8
Shirley Reekie,Physical Ed,3.7,43%,3.4
Olivia Yip,Civil Engineering,5.0,100%,2.7
Maureen Smith,Education,2.5,14%,3.6
Matthew Faulkner,Accounting & Finance,4.1,64%,3.8
Harold Peterson,Justice Studies,4.6,90%,2.4
Sylvia Branca,Child Development,4.6,92%,2.6
Paula Oakes,Child Development,3.8,83%,2.3
Stefan Frazier,Linguistics & Language Dev.,4.7,100%,2.5
Joseph Petsche,Geology,4.6,95%,1.7
Daniel Rivers,American Studies,5.0,100%,2.9
Siri Veland,Geology,1.8,17%,4.5
Faramarz Mortezaie,Computer Science,3.5,70%,3
Ahmed Banafa,Engineering,4.9,98%,2.2
Logan Walker,"Radio, TV & Film",3.5,74%,2.4
Johnny Moreno,Theater,4.7,96%,1.5
Victoria Thorp,English & Comparative Lit.,4.7,93%,2.4
Gustavo Flores,Anthropology,2.9,55%,2.7
Ash Rahmani,Communication Studies,5.0,100%,1.5
Kevin Mannens,Art,4.0,67%,3.3
Tom Pham,Industrial Engineering,5.0,100%,1
Morgan Pershing,Library & Information Science,1.0,0%,5
Philly Toney,Recreation,4.4,84%,2.3
Mike (Ching-seh) Wu,Computer Science,4.1,76%,3.3
Robert Wood,Business,3.9,50%,2.9
Joe Biagini,"Radio, TV & Film",4.7,89%,2
Arthur Casey,Business,4.4,92%,1.8
Jill Citron,Psychology,3.7,74%,3.1
Jeremy Abrams,History,4.3,82%,2.5
Zaki Hasan,Communication Studies,4.4,87%,2.1
Manami Iwata,Japanese,4.5,88%,3
Richard Grotegut,Technology,4.9,100%,1.9
Ching Ching Tan,Communication,4.5,91%,2.1
Joey Noel,Nursing,5.0,100%,2.5
Jessica Keaton,English Comparative Lit.,3.6,84%,2.9
Yawo Ezunkpe,Aerospace Studies,2.8,40%,4.3
Simona Snitkovsky,Music,5.0,100%,1
Walter Adams,Biology,4.8,100%,2.9
Thomas Wrappe,Electrical Engineering,3.1,50%,4.3
Gilles Muller,Chemistry,4.2,100%,2.6
Sandy Chen,Music,4.8,100%,1.3
Sriram Rao,Computer Science,3.0,50%,4.5
Joe Petsche,Geology,4.7,97%,2
Shu Zhou,Business,3.9,85%,2
Preetpal Kang,Computer Engineering,4.2,75%,2.6
Nancy Long,Business,4.5,89%,2.3
Walter Easter,Marketing,3.3,56%,2.9
Kevin SooHoo,Business,4.6,86%,1.6
Mike Hill,Business,4.5,85%,1.8
Marcos Cepin,Biology,3.9,77%,3.7
Timothy Hill,Business,4.8,92%,2.7
Liz Linden,Art History,4.1,75%,2.6
Haonan Wang,Computer Engineering,1.7,12%,4.3
Lawrence Lan,Asian American Studies,4.0,75%,2
Gretchen Simms,Art History,3.5,63%,3.6
Fern Alberts,Philosophy,3.4,42%,2.7
Jonathan Wu,Business,4.9,97%,2.6
Javier Cardoza-Kon,Philosophy,2.3,41%,3.2
Caitlin Jeffrey,History,2.6,34%,3.8
Spoorthy Ananthaiah,Computer Engineering,2.8,60%,3.4
Myra Haubrich,Business,5.0,100%,1.4
Kelly Zhao,Asian Studies,5.0,100%,1.3
Yining Nie,Linguistics & Language Dev.,4.0,67%,2.7
Glenn Callaghan,Psychology,4.6,92%,3
Maria Berm Cayco,Mathematics,1.9,0%,4.3
Christian May,Physical Ed,4.6,90%,1.5
Nancy Park,Communication Studies,5.0,100%,1.8
Marci Harris,Political Science,5.0,100%,1.7
Erika Carrillo,Anthropology,3.8,78%,2.6
Ash Padwal,Business,4.3,72%,2.1
Jennifer Barnett,Music,3.7,67%,2
Ismaila Diallo,Science,4.5,100%,1.5
Samuel Hwang,Justice Studies,2.0,0%,3
Lisa Bernasconi,Philosophy,4.4,98%,1.4
Vivian Antonellis,Communication Studies,4.8,82%,2.1
William Andreopoulos,Computer Science,4.1,80%,3.2
William Armaline,Justice Studies,4.6,87%,3.1
Hanna Rigby,Aviation,5.0,100%,3.3
Sneha Hazarika,Sociology,3.0,100%,3
Helen Meservey,English amp Comparative Lit.,4.6,74%,2.5
Padmaja Iyer,Environmental Studies,5.0,100%,1.8
Natsuko Tsuji,Nutrition amp Foods,4.6,88%,1.1
Amith Belman,Computer Science,5.0,100%,2.8
Steven Silver,Marketing,1.8,8%,3.7
Zerrin Erkal,Linguistics,4.6,100%,1.8
David Ramos,Communication,4.5,95%,1.9
Jing Zhang,Marketing,4.3,89%,2.8
Alen Yaghoubi,Counselor Education,4.3,78%,1.1
Anna Demarchi,French,5.0,100%,2.7
Hadley Debrine,Mathematics,3.7,100%,3
Christopher Fathman,English & Comparative Lit.,5.0,100%,4.3
Sabina Giri,Social Science,4.0,100%,2.5
Mohammed Ameen,Mechanical Engineering,3.5,100%,2
Mahesh Rajan,Marketing,3.3,41%,3
Greg Hanle,Economics,4.2,72%,2.8
Eleanor Marsh,Spanish,4.7,100%,1.4
Nathaniel Lupton,Business,3.3,60%,3.5
Albert Chang,Mathematics,3.6,67%,2.3
Ammar Rayes,Industrial Engineering,4.7,100%,2
Krissy Connell,Child Development,3.3,60%,3.6
Regina Arnold,English amp Comparative Lit.,4.6,100%,2.5
Dennis Estrada,Justice Studies,4.7,100%,1.7
Saptarshi Sengupta,Computer Science,4.5,100%,3.5
Dina Kameda,Justice Studies,3.8,58%,3
Patrick Murphy,Mathematics,4.5,93%,3.1
Jeffrey Hare,Urban & Regional Planning,2.5,50%,3.5
Emily Slusser,Child Development,4.7,100%,2.3
Darwyyn Deyo,Economics,3.1,50%,3.8
Sina Aboutorabi,Technology,2.2,30%,3.5
Amir Armani,Mechanical Engineering,1.8,23%,4.6
Timothy Cech,English & Comparative Lit.,4.0,67%,3
Misako Van Der Poel,Mathematics,2.8,29%,3.7
Komal Sanjaykumar Joshi,Mathematics,3.3,55%,3
Midori Ishida,Japanese,5.0,100%,2.9
Ryan Kim,Justice Studies,2.8,50%,4.3
Maryam Khazaei Pool,Computer Science,3.0,50%,2.5
Ashraf Shirani,Business,3.3,46%,2.6
Laura Pirazzi,Child Development,4.5,97%,2
Craig Cisar,Kinesiology,3.6,53%,2.9
Jennifer Schachner,Physical Ed,4.9,100%,1.2
David De Lorenzo,Library & Information Science,3.6,69%,2.2
John Diniz,Chemistry,3.2,58%,3.3
Leif Rogers,Communication,4.1,84%,2.6
Matthew Crockett,Kinesiology,4.5,94%,2.3
Rose Wang,Chemistry,2.7,46%,3.6
Mary Evangeliste,Library & Information Science,3.8,67%,2
Wil Doane,Library & Information Science,1.5,0%,3.3
"Xiao ""Rose"" Wang",Chemistry,2.0,0%,4
Andrea Gottlieb,Mathematics,3.7,64%,2.8
Slobodan Simic,Mathematics,4.4,79%,3
Duorah Smita,Materials Engineering,3.1,65%,3.5
David Ocampo,Mass Communications,3.4,69%,2.6
Katharine Studer,English & Comparative Lit.,4.2,67%,2.3
Radha Aravamudhan,Aerospace Studies,4.8,100%,2
Ray Buyco,History,4.4,83%,2.7
Leanne Lindelof,English,3.8,72%,3.2
Lienanh Mai,Health Science,3.3,50%,2.3
Laurie Steinberg,Nutrition & Foods,4.4,96%,2.1
Lucinda Cabral,Linguistics,2.2,28%,3.7
